{"OPUSDT": {"consecutive_losses": 1, "blocked_until": 1779042681.5450954}, "ALGOUSDT": {"consecutive_losses": 1, "blocked_until": 1779052821.4065614}, "IMXUSDT": {"consecutive_losses": 1, "blocked_until": 1779052822.1721668}, "ATOMUSDT": {"consecutive_losses": 0, "blocked_until": 1779041875.2903688}}